<?xml version="1.0" encoding="UTF-8"?>
<beans xmlns="http://www.springframework.org/schema/beans"
       xmlns:xsi="http://www.w3.org/2001/XMLSchema-instance"
       xmlns:context="http://www.springframework.org/schema/context" xmlns:tx="http://www.springframework.org/schema/tx"
       xmlns:aop="http://www.springframework.org/schema/aop"
       xsi:schemaLocation="http://www.springframework.org/schema/beans      http://www.springframework.org/schema/beans/spring-beans-3.2.xsd
       http://www.springframework.org/schema/context    http://www.springframework.org/schema/context/spring-context-3.2.xsd http://www.springframework.org/schema/tx http://www.springframework.org/schema/tx/spring-tx.xsd http://www.springframework.org/schema/aop http://www.springframework.org/schema/aop/spring-aop.xsd"
       default-lazy-init="true">

    <context:component-scan base-package="net.edu.hbut.QEvaluate"/>

    <!-- 引入配置文件 -->
    <bean class="org.springframework.beans.factory.config.PropertyPlaceholderConfigurer">
        <property name="locations">
            <list>
                <value>classpath:QEvaluate.properties</value>
            </list>
        </property>
    </bean>

    <!-- 配置数据源 -->
    <bean id="dataSource" class="com.alibaba.druid.pool.DruidDataSource" init-method="init" destroy-method="close">
        <property name="driverClassName" value="${jdbc.driverClassName}"/>
        <property name="url" value="${jdbc.url}"/>
        <property name="username" value="${jdbc.username}"/>
        <property name="password" value="${jdbc.password}"/>
        <property name="filters" value="stat"/>
        <property name="initialSize" value="5"/>
        <property name="maxActive" value="35"/>
        <property name="maxWait" value="30000"/>
        <property name="maxPoolPreparedStatementPerConnectionSize" value="50"/>
        <property name="timeBetweenEvictionRunsMillis" value="60000"/>
        <property name="minEvictableIdleTimeMillis" value="300000"/>
        <property name="validationQuery" value="select 1"/>
        <property name="testWhileIdle" value="true"/>
        <property name="testOnBorrow" value="false"/>
        <property name="testOnReturn" value="false"/>
        <property name="poolPreparedStatements" value="false"/>
    </bean>

    <!-- 配置SessionFactory -->
    <bean id="sessionFactory" class="org.springframework.orm.hibernate4.LocalSessionFactoryBean">
        <property name="dataSource" ref="dataSource"/>
        <property name="hibernateProperties">
            <props>
                <prop key="hibernate.dialect">org.hibernate.dialect.MySQLDialect</prop>
                <prop key="hibernate.hbm2ddl.auto">update</prop>
                <prop key="connection.autocommit">true</prop>
                <prop key="hibernate.show_sql">true</prop>
                <prop key="hibernate.format_sql">true</prop>
                <prop key="hibernate.current_session_context_class">
                    org.springframework.orm.hibernate4.SpringSessionContext
                </prop>
            </props>
        </property>

        <property name="packagesToScan">
            <list>
                <value>net.edu.hbut.QEvaluate.entity</value>
            </list>
        </property>
    </bean>

    <bean id="transactionManager" class="org.springframework.orm.hibernate4.HibernateTransactionManager">
        <property name="sessionFactory" ref="sessionFactory"/>
    </bean>


    <tx:advice id="txAdvice" transaction-manager="transactionManager">
        <tx:attributes>
            <tx:method name="get*" read-only="true"/>
            <tx:method name="purchase" propagation="REQUIRES_NEW"/>
            <tx:method name="*"/>
        </tx:attributes>
    </tx:advice>

    <aop:config>
        <aop:pointcut expression="execution(* net.edu.hbut.QEvaluate.service.*.*(..))" id="txPointcutService"/>
        <aop:advisor advice-ref="txAdvice" pointcut-ref="txPointcutService" />
    </aop:config>

    <aop:config>
        <aop:pointcut expression="execution(* net.edu.hbut.QEvaluate.dao.*.*(..))" id="txPointcutDao"/>
        <aop:advisor advice-ref="txAdvice" pointcut-ref="txPointcutDao" />
    </aop:config>


</beans>